{"Value":{"Accuracy":0.8267716535,"Precision":0.9180327869,"Recall":0.7671232877,"F1 Score":0.8358208955,"ROC AUC":0.8822932522}}