{
    "metrics": {
        "Accuracy": 0.7971473851030111,
        "Precision": 0.7961165048543689,
        "Recall": 0.7909967845659164,
        "F1 Score": 0.7935483870967742,
        "ROC AUC": 0.8670618971061093
    },
    "confusion_matrix": [
        [
            257,
            63
        ],
        [
            65,
            246
        ]
    ],
    "roc_curve": {
        "fpr": [
            0.0,
            0.0,
            0.0,
            0.003125,
            0.003125,
            0.009375,
            0.009375,
            0.0125,
            0.0125,
            0.015625,
            0.015625,
            0.01875,
            0.01875,
            0.021875,
            0.021875,
            0.03125,
            0.03125,
            0.0375,
            0.0375,
            0.040625,
            0.040625,
            0.04375,
            0.04375,
            0.046875,
            0.046875,
            0.05,
            0.05,
            0.053125,
            0.053125,
            0.05625,
            0.05625,
            0.059375,
            0.059375,
            0.0625,
            0.0625,
            0.06875,
            0.06875,
            0.075,
            0.075,
            0.078125,
            0.078125,
            0.08125,
            0.08125,
            0.090625,
            0.090625,
            0.09375,
            0.09375,
            0.1,
            0.1,
            0.103125,
            0.103125,
            0.10625,
            0.10625,
            0.115625,
            0.115625,
            0.11875,
            0.11875,
            0.121875,
            0.121875,
            0.125,
            0.125,
            0.128125,
            0.128125,
            0.1375,
            0.1375,
            0.140625,
            0.140625,
            0.14375,
            0.14375,
            0.146875,
            0.146875,
            0.153125,
            0.153125,
            0.159375,
            0.159375,
            0.1625,
            0.1625,
            0.175,
            0.175,
            0.178125,
            0.178125,
            0.18125,
            0.19375,
            0.19375,
            0.2,
            0.2,
            0.20625,
            0.20625,
            0.209375,
            0.209375,
            0.23125,
            0.23125,
            0.2375,
            0.2375,
            0.24375,
            0.24375,
            0.25625,
            0.25625,
            0.265625,
            0.265625,
            0.26875,
            0.26875,
            0.271875,
            0.271875,
            0.275,
            0.275,
            0.28125,
            0.28125,
            0.290625,
            0.290625,
            0.29375,
            0.29375,
            0.296875,
            0.296875,
            0.3,
            0.3,
            0.309375,
            0.309375,
            0.31875,
            0.31875,
            0.33125,
            0.33125,
            0.3375,
            0.3375,
            0.371875,
            0.371875,
            0.375,
            0.375,
            0.38125,
            0.38125,
            0.39375,
            0.39375,
            0.403125,
            0.403125,
            0.428125,
            0.428125,
            0.43125,
            0.43125,
            0.44375,
            0.44375,
            0.453125,
            0.453125,
            0.46875,
            0.46875,
            0.475,
            0.475,
            0.48125,
            0.48125,
            0.53125,
            0.53125,
            0.553125,
            0.553125,
            0.55625,
            0.55625,
            0.559375,
            0.559375,
            0.578125,
            0.578125,
            0.584375,
            0.584375,
            0.596875,
            0.596875,
            0.646875,
            0.646875,
            0.696875,
            0.696875,
            0.703125,
            0.703125,
            0.734375,
            0.734375,
            0.76875,
            0.76875,
            0.778125,
            0.778125,
            0.79375,
            0.79375,
            0.796875,
            0.796875,
            0.815625,
            0.815625,
            0.834375,
            0.834375,
            0.89375,
            0.89375,
            0.909375,
            0.909375,
            1.0
        ],