{"Value":{"Accuracy":0.8267716535,"Precision":0.9047619048,"Recall":0.7808219178,"F1 Score":0.8382352941,"ROC AUC":0.8886352106}}