{
    "metrics": {
        "Accuracy": 0.6805555555555556,
        "Precision": 0.6074074074074074,
        "Recall": 0.8367346938775511,
        "F1 Score": 0.703862660944206,
        "ROC AUC": 0.772613282601176
    },
    "confusion_matrix": [
        [
            65,
            53
        ],
        [
            16,
            82
        ]
    ],
    "roc_curve": {
        "fpr": [
            0.0,
            0.0,
            0.0,
            0.00847457627118644,
            0.00847457627118644,
            0.01694915254237288,
            0.01694915254237288,
            0.03389830508474576,
            0.03389830508474576,
            0.0423728813559322,
            0.0423728813559322,
            0.05084745762711865,
            0.05084745762711865,
            0.059322033898305086,
            0.059322033898305086,
            0.06779661016949153,
            0.06779661016949153,
            0.09322033898305085,
            0.09322033898305085,
            0.1016949152542373,
            0.1016949152542373,
            0.11016949152542373,
            0.11016949152542373,
            0.11864406779661017,
            0.11864406779661017,
            0.1271186440677966,
            0.1271186440677966,
            0.16101694915254236,
            0.16101694915254236,
            0.17796610169491525,
            0.17796610169491525,
            0.1864406779661017,
            0.1864406779661017,
            0.2033898305084746,
            0.2033898305084746,
            0.22033898305084745,
            0.22033898305084745,
            0.23728813559322035,
            0.23728813559322035,
            0.2457627118644068,
            0.2457627118644068,
            0.2966101694915254,
            0.2966101694915254,
            0.3050847457627119,
            0.3050847457627119,
            0.3135593220338983,
            0.3135593220338983,
            0.3305084745762712,
            0.3305084745762712,
            0.3474576271186441,
            0.3474576271186441,
            0.3813559322033898,
            0.3898305084745763,
            0.3898305084745763,
            0.4322033898305085,
            0.4322033898305085,
            0.4576271186440678,
            0.4576271186440678,
            0.5423728813559322,
            0.5423728813559322,
            0.5932203389830508,
            0.5932203389830508,
            0.6779661016949152,
            0.6779661016949152,
            0.6949152542372882,
            0.6949152542372882,
            0.7372881355932204,
            0.7372881355932204,
            0.8389830508474576,
            0.8389830508474576,
            0.864406779661017,
            0.864406779661017,
            0.8983050847457628,
            0.8983050847457628,
            0.9661016949152542,
            0.9661016949152542,
            0.9745762711864406,
            0.9745762711864406,
            1.0
        ],
        "tpr": [
            0.0,
            0.01020408163265306,
            0.08163265306122448,
            0.08163265306122448,
            0.1326530612244898,
            0.1326530612244898,
            0.25510204081632654,
            0.25510204081632654,
            0.2653061224489796,
            0.2653061224489796,
            0.2755102040816326,
            0.2755102040816326,
            0.3469387755102041,
            0.3469387755102041,
            0.3673469387755102,
            0.3673469387755102,
            0.3979591836734694,
            0.3979591836734694,
            0.42857142857142855,
            0.42857142857142855,
            0.4387755102040816,
            0.4387755102040816,
            0.47959183673469385,
            0.47959183673469385,
            0.5,
            0.5,
            0.5306122448979592,
            0.5306122448979592,
            0.5714285714285714,
            0.5714285714285714,
            0.6224489795918368,
            0.6224489795918368,
            0.6326530612244898,
            0.6326530612244898,
            0.6428571428571429,
            0.6428571428571429,
            0.673469387755102,
            0.673469387755102,
            0.7040816326530612,
            0.7040816326530612,
            0.7142857142857143,
            0.7142857142857143,
            0.7244897959183674,
            0.7244897959183674,
            0.7448979591836735,
            0.7448979591836735,
            0.7653061224489796,
            0.7653061224489796,
            0.7755102040816326,
            0.7755102040816326,
            0.7857142857142857,
            0.7857142857142857,
            0.7959183673469388,
            0.8163265306122449,
            0.8163265306122449,
            0.8367346938775511,
            0.8367346938775511,
            0.8469387755102041,
            0.8469387755102041,
            0.8673469387755102,
            0.8673469387755102,
            0.8775510204081632,
            0.8775510204081632,
            0.8979591836734694,
            0.8979591836734694,
            0.9081632653061225,
            0.9081632653061225,
            0.9183673469387755,
            0.9183673469387755,
            0.9285714285714286,
            0.9285714285714286,
            0.9693877551020408,
            0.9693877551020408,
            0.9795918367346939,
            0.9795918367346939,
            0.9897959183673469,
            0.9897959183673469,
            1.0,
            1.0
        ]
    }
}