{"Value":{"Accuracy":0.7165354331,"Precision":0.7228915663,"Recall":0.8219178082,"F1 Score":0.7692307692,"ROC AUC":0.8255961441}}