{"Value":{"Accuracy":0.6771653543,"Precision":0.7162162162,"Recall":0.7260273973,"F1 Score":0.7210884354,"ROC AUC":0.7351598174}}