{"Value":{"Accuracy":0.8188976378,"Precision":0.8205128205,"Recall":0.8767123288,"F1 Score":0.8476821192,"ROC AUC":0.8853373922}}